time, latitude, longitude, depth, depthUnits, magnitude, magnitudeType
2020-12-31T19:50:17.399Z, -0.80520, 146.84110,  10.00, KILOMETER,   5.2, mww
2020-12-30T05:33:43.546Z, 34.74100, 72.94660,  10.00, KILOMETER,   5.0, mb
2020-12-30T00:35:27.718Z, 36.48580, 140.60970,  43.47, KILOMETER,   5.0, mww
2020-12-29T06:23:29.769Z, -6.39850, 154.65210,  23.63, KILOMETER,   5.4, mww
2020-12-29T06:19:04.705Z, -6.45490, 154.65860,  10.00, KILOMETER,   5.0, mb
2020-12-29T06:13:37.216Z, -6.49500, 154.69090,  10.00, KILOMETER,   5.1, mb
2020-12-28T23:34:07.244Z, -6.54790, 154.90750,  35.00, KILOMETER,   5.0, mb
2020-12-28T20:03:26.927Z, -11.37590, 166.35990,  51.78, KILOMETER,   5.0, mb
2020-12-28T05:46:46.797Z, 14.22720, 56.78000,  10.00, KILOMETER,   5.4, mww
2020-12-28T04:32:20.070Z, -47.50740, 99.95380,  10.00, KILOMETER,   5.7, mww
2020-12-28T04:30:25.226Z, -47.57610, 99.97930,  10.00, KILOMETER,   5.1, mb
2020-12-27T06:37:32.897Z, 38.45630, 39.23020,   9.00, KILOMETER,   5.5, mww
2020-12-27T02:32:08.645Z, -4.61380, 153.23410,  59.10, KILOMETER,   5.4, mww
2020-12-26T07:49:29.222Z, -10.83810, 166.32710, 146.90, KILOMETER,   5.1, mww
2020-12-25T20:47:46.992Z, -18.93880, 167.42820,  10.00, KILOMETER,   5.0, mww
2020-12-24T21:16:41.881Z, -9.47270, 157.84530,  10.00, KILOMETER,   5.3, mww
2020-12-24T20:04:11.840Z, -32.05080, -178.10150,  10.00, KILOMETER,   5.1, mb
2020-12-22T01:47:39.685Z, -58.81970, 149.18190,  10.00, KILOMETER,   5.4, mww
2020-12-21T20:07:56.035Z, -29.45850, -177.13630,  21.48, KILOMETER,   5.0, mww
2020-12-21T17:08:55.573Z, -16.39940, -177.46220,  10.00, KILOMETER,   5.7, mww
2020-12-20T20:43:50.030Z, -19.21750, 167.51100,  10.00, KILOMETER,   5.3, mww
2020-12-20T17:23:22.668Z, 40.86670, 142.58140,  35.00, KILOMETER,   6.3, mww
2020-12-19T00:10:42.420Z, 54.64620, -159.78050,  32.73, KILOMETER,   5.0, mww
2020-12-18T20:49:15.746Z, -32.64370, -178.83780,  35.66, KILOMETER,   5.1, mww
2020-12-16T19:13:19.220Z, 51.25510, -178.13530,  41.83, KILOMETER,   5.0, mb
2020-12-16T05:49:23.788Z, 53.52310, -160.06380,  10.48, KILOMETER,   5.3, mww
2020-12-16T01:28:07.061Z, 42.71170, 144.17560,  50.14, KILOMETER,   5.0, mww
2020-12-15T22:43:05.882Z, -15.63540, 167.77820, 119.97, KILOMETER,   5.1, mb
2020-12-14T19:59:20.563Z, -17.60230, -172.73750,  10.00, KILOMETER,   5.0, mb
2020-12-14T01:57:10.822Z, -23.93720, 179.88990, 525.52, KILOMETER,   5.6, mww
2020-12-13T22:05:58.821Z, -4.19410, 153.11870,  10.00, KILOMETER,   5.2, mww
2020-12-13T14:29:40.650Z, -16.64100, -173.21100,  10.00, KILOMETER,   5.1, mb
2020-12-13T07:25:34.199Z, -24.03710, 176.58860,  10.00, KILOMETER,   5.3, mww
2020-12-13T06:55:34.195Z, -40.28500, 78.13910,  10.00, KILOMETER,   5.1, mb
2020-12-12T17:48:02.388Z, -3.79250, 151.85130,  10.00, KILOMETER,   5.1, mb
2020-12-12T07:18:54.231Z, 40.12130, 142.05510,  44.00, KILOMETER,   5.5, mww
2020-12-11T15:30:00.089Z, -32.91090, -179.04740,  43.45, KILOMETER,   5.1, mww
2020-12-11T09:48:40.595Z, 24.29940, 125.27770,  19.46, KILOMETER,   5.1, mww
2020-12-10T20:48:57.143Z, -17.56310, -174.87030,  10.00, KILOMETER,   5.9, mwb
2020-12-10T20:42:08.277Z, -32.87900, -179.85130,  96.00, KILOMETER,   5.9, mww
2020-12-10T13:19:58.682Z, 24.78180, 122.02430,  71.00, KILOMETER,   6.1, mww
2020-12-10T11:41:21.595Z, -22.15030, -179.50520, 577.71, KILOMETER,   5.2, mww
2020-12-09T21:44:33.981Z, 52.41980, 106.72080,  17.00, KILOMETER,   5.4, mww
2020-12-09T06:47:05.867Z, 53.10970, 170.54380,  14.42, KILOMETER,   5.2, mww
2020-12-08T23:33:31.329Z, -28.22020, -176.13910,  10.00, KILOMETER,   5.4, mww
2020-12-08T05:14:35.415Z, 22.20890, 94.38770,  90.82, KILOMETER,   5.1, mb
2020-12-08T00:47:24.531Z, 22.52040, 144.73850,  20.00, KILOMETER,   5.5, mww
2020-12-07T22:30:01.554Z, -8.27030, 159.26860,  59.52, KILOMETER,   5.1, mb
2020-12-07T05:25:45.398Z, -21.02860, -179.11090, 613.27, KILOMETER,   5.4, mww
2020-12-06T06:41:26.302Z, -18.94060, -172.97080,  10.00, KILOMETER,   5.2, mww
2020-12-06T04:50:10.817Z, -54.68800, -130.65010,  10.00, KILOMETER,   5.0, mb
2020-12-05T06:43:20.068Z, -18.87240, -172.82090,  10.00, KILOMETER,   5.4, mww
2020-12-04T20:30:11.531Z, -40.22930, 77.92250,  10.00, KILOMETER,   5.1, mww
2020-12-03T19:48:39.731Z, 3.28750, 98.21370, 128.21, KILOMETER,   5.0, mww
2020-12-03T17:07:32.719Z, -22.73190, 170.68410,  10.00, KILOMETER,   5.4, mww
2020-12-03T06:15:47.157Z, -57.04240, -140.88610,  10.00, KILOMETER,   5.0, mb
2020-12-03T05:45:19.821Z, 37.94580, 41.69700,  10.00, KILOMETER,   5.0, mww
2020-12-02T09:40:22.467Z, -15.23490, -173.18230,  10.00, KILOMETER,   5.2, mb
2020-12-01T20:52:57.066Z, -61.94960, 154.73410,  10.00, KILOMETER,   6.0, mww
2020-12-01T16:22:39.923Z, 52.75510, -168.24010,  23.00, KILOMETER,   6.4, mww
2020-11-30T22:54:34.601Z, 48.25210, 140.79710, 589.00, KILOMETER,   6.4, mww
2020-11-30T19:14:14.819Z, -2.86310, 147.72600,  10.00, KILOMETER,   5.4, mww
2020-11-30T17:14:12.006Z, 3.06700, 96.13490,  27.89, KILOMETER,   5.0, mb
2020-11-30T04:59:09.984Z, 52.74480, -168.26050,  34.00, KILOMETER,   5.5, mww
2020-11-30T00:37:04.394Z, -17.53110, -174.64340,  10.00, KILOMETER,   5.0, mb
2020-11-29T23:56:54.428Z, -17.67930, -174.77330,  10.00, KILOMETER,   5.6, mww
2020-11-29T21:45:22.660Z, -31.85430, 179.19830, 462.30, KILOMETER,   5.4, mww
2020-11-29T16:52:18.619Z, -31.24560, 58.67380,  10.00, KILOMETER,   5.0, mww
2020-11-29T09:01:35.283Z, -14.76070, 167.24540, 108.59, KILOMETER,   5.6, mww
2020-11-28T20:15:24.871Z, -17.42700, 66.12300,  10.00, KILOMETER,   5.4, mww
2020-11-28T13:09:47.299Z, -55.57390, -124.93700,  10.00, KILOMETER,   5.3, mww
2020-11-27T18:45:10.215Z, 49.99700, 156.37100,  52.26, KILOMETER,   5.3, mww
2020-11-26T17:03:46.200Z, -39.45670, 46.20830,  10.00, KILOMETER,   5.2, mww
2020-11-26T04:41:35.767Z, -20.03700, 169.13880,  77.57, KILOMETER,   5.1, mb
2020-11-25T22:56:04.101Z, -61.91300, 154.91820,  10.00, KILOMETER,   5.9, mww
2020-11-24T22:18:50.722Z, -16.83230, 174.37280,  10.00, KILOMETER,   5.0, mww
2020-11-24T22:02:58.090Z, -8.97590, 67.58220,  10.00, KILOMETER,   5.5, mww
2020-11-24T16:51:57.337Z, 25.51670, 142.68830,  10.00, KILOMETER,   5.0, mb
2020-11-24T14:07:35.584Z, -22.17580, -176.18420,  64.76, KILOMETER,   5.2, mb
2020-11-24T00:00:27.457Z, 13.76620, 145.64490,  85.09, KILOMETER,   5.2, mww
2020-11-22T10:05:53.849Z, 36.58890, 141.11050,  33.00, KILOMETER,   5.5, mww
2020-11-22T05:18:37.429Z, -16.74890, 174.46450,  10.00, KILOMETER,   5.5, mww
2020-11-20T23:16:37.740Z, -21.38510, 169.03690,  10.00, KILOMETER,   5.3, mww
2020-11-20T20:03:46.142Z, -11.50430, 167.30020,  10.00, KILOMETER,   5.1, mb
2020-11-20T03:19:15.484Z, -53.94020, 140.67230,  10.00, KILOMETER,   5.7, mww
2020-11-19T14:50:40.087Z, -23.36590, -179.73850, 532.46, KILOMETER,   5.0, mb
2020-11-18T01:00:45.231Z, 32.18350, 137.89510, 366.31, KILOMETER,   5.1, mww
2020-11-17T22:22:07.136Z, -15.02120, 167.86830,  10.00, KILOMETER,   5.1, mb
2020-11-16T22:45:22.404Z, -6.96200, 155.73660,  33.00, KILOMETER,   5.5, mww
2020-11-16T15:08:12.931Z, 27.60780, 129.93400,  10.00, KILOMETER,   5.1, mb
2020-11-16T13:42:16.784Z, -10.92310, 164.39600,  10.00, KILOMETER,   5.1, mb
2020-11-14T10:39:15.697Z, -27.73240, 74.10590,  10.00, KILOMETER,   5.2, mww
2020-11-14T08:50:26.186Z, 23.60920, 94.61880, 103.66, KILOMETER,   5.0, mww
2020-11-14T06:42:33.865Z, -19.58310, 168.85910,  40.00, KILOMETER,   5.4, mww
2020-11-14T02:56:55.620Z, 30.36590, 67.43500,  12.04, KILOMETER,   5.5, mww
2020-11-13T18:33:07.130Z, 5.79130, 95.56190,  10.00, KILOMETER,   5.1, mww
2020-11-13T09:12:43.850Z, -53.16210, 160.04860,  10.00, KILOMETER,   5.7, mww
2020-11-13T04:35:44.089Z, -49.58750, 117.35830,  10.00, KILOMETER,   5.2, mww
2020-11-11T21:33:27.361Z, 21.64730, 121.84420,  10.00, KILOMETER,   5.0, mww
2020-11-11T05:17:56.078Z, 25.47130, 142.75000,  10.00, KILOMETER,   5.7, mww
2020-11-11T00:48:44.122Z, -19.71770, -177.56100, 417.00, KILOMETER,   6.0, mww
2020-11-10T14:40:37.433Z, 38.92610, 70.61390,  35.00, KILOMETER,   5.0, mb
2020-11-10T01:51:49.999Z, 12.19840, 140.30370,  10.00, KILOMETER,   5.2, mb
2020-11-09T16:45:33.300Z, -3.78660, 153.34540, 217.00, KILOMETER,   5.4, mww
2020-11-08T00:39:03.272Z, -11.59720, 165.01590,  11.57, KILOMETER,   5.3, mww
2020-11-07T21:30:44.700Z, 32.34860, 141.69790,   9.28, KILOMETER,   5.2, mww
2020-11-07T09:27:05.498Z, -15.24580, -173.52760,  34.00, KILOMETER,   6.2, mww
2020-11-07T01:10:32.071Z, 25.71000, 143.60510,  16.00, KILOMETER,   5.8, mww
2020-11-06T17:16:54.730Z, 40.92650, 143.36210,  21.00, KILOMETER,   5.2, mww
2020-11-06T09:17:04.530Z, 40.91500, 143.23740,  10.00, KILOMETER,   5.0, mb
2020-11-06T08:56:38.063Z, 40.99030, 143.25500,  12.00, KILOMETER,   5.5, mww
2020-11-05T12:56:31.664Z, 54.13580, -159.76590,  16.73, KILOMETER,   5.1, mww
2020-11-03T08:18:56.633Z, -19.98890, -177.46400, 388.00, KILOMETER,   5.7, mww
2020-10-31T10:15:26.312Z, -22.12340, -179.17970, 549.49, KILOMETER,   5.1, mb
2020-10-30T11:10:10.978Z, -8.82030, 161.04060,  20.00, KILOMETER,   5.5, mww
2020-10-30T10:14:59.127Z, -25.84620, 179.33710, 518.58, KILOMETER,   5.2, mww
2020-10-30T04:36:28.610Z, 54.50460, -159.68550,  24.77, KILOMETER,   5.1, mww
2020-10-30T02:34:21.986Z, -20.84130, -178.54910, 574.74, KILOMETER,   5.3, mww
2020-10-29T18:45:26.883Z, -18.22490, -174.63260,  78.70, KILOMETER,   5.0, mb
2020-10-28T15:12:11.258Z, -23.81290, 69.25970,  10.00, KILOMETER,   5.0, mb
2020-10-28T14:12:56.449Z, -14.45480, 167.41500, 180.00, KILOMETER,   5.8, mww
2020-10-28T12:25:21.128Z, -63.55360, -156.50670,  10.00, KILOMETER,   5.4, mww
2020-10-28T12:02:45.725Z, -62.90040, -157.83690,  10.00, KILOMETER,   5.3, mww
2020-10-28T04:13:42.061Z, 53.20190, -173.41560, 239.67, KILOMETER,   5.5, mww
2020-10-26T21:34:51.220Z, 32.14480, 56.02680,  10.00, KILOMETER,   5.0, mb
2020-10-26T02:58:50.550Z, -6.39740, 154.27020,  10.00, KILOMETER,   5.0, mb
2020-10-25T23:43:11.009Z, -56.70130, -141.64860,  10.00, KILOMETER,   5.5, mww
2020-10-25T11:47:37.759Z, -15.36310, -173.42400,  39.00, KILOMETER,   5.9, mww
2020-10-25T11:04:47.939Z, -10.26530, 161.52960,  83.74, KILOMETER,   5.1, mww
2020-10-24T11:34:17.923Z, 35.74620, 48.93550,  10.00, KILOMETER,   5.0, mww
2020-10-23T19:00:45.737Z, -14.98770, 167.12040, 108.48, KILOMETER,   5.2, mww
2020-10-23T07:04:30.940Z, -25.63400, -179.96210, 454.00, KILOMETER,   6.1, mww
2020-10-22T08:24:07.383Z, -20.82600, -176.62090, 244.00, KILOMETER,   5.8, mww
2020-10-22T03:03:37.538Z, 31.94560, 104.23500,  10.00, KILOMETER,   5.3, mb
2020-10-21T04:21:07.015Z, -56.16810, -143.56500,  10.00, KILOMETER,   5.4, mww
2020-10-21T04:04:47.150Z, 31.91790, 104.22750,  10.00, KILOMETER,   5.2, mb
2020-10-21T01:17:53.535Z, 54.27570, -159.62780,  18.86, KILOMETER,   5.1, mww
2020-10-21T00:22:34.155Z, -19.33230, -172.33270,  10.00, KILOMETER,   5.9, mww
2020-10-20T18:57:50.571Z, -19.37200, -173.98810,  10.00, KILOMETER,   5.0, mb
2020-10-20T13:20:02.517Z, 17.96170, 146.24870,  99.63, KILOMETER,   5.2, mww
2020-10-20T12:32:12.143Z, 54.36240, -159.77450,  22.00, KILOMETER,   5.1, mww
2020-10-20T04:07:06.904Z, 54.27430, -159.63990,  12.82, KILOMETER,   5.6, mww
2020-10-19T21:45:25.327Z, 54.33710, -159.84250,  20.77, KILOMETER,   5.9, mww
2020-10-19T21:34:38.252Z, 54.45630, -159.61980,  27.07, KILOMETER,   5.1, mb
2020-10-19T21:32:21.891Z, 54.38860, -159.82410,  26.62, KILOMETER,   5.5, mb
2020-10-19T21:22:28.672Z, 54.35360, -159.85410,  22.60, KILOMETER,   5.2, mb
2020-10-19T21:14:14.693Z, 54.34150, -159.56880,  16.83, KILOMETER,   5.0, mb
2020-10-19T21:06:20.397Z, 54.50730, -159.72900,  26.24, KILOMETER,   5.7, mb
2020-10-19T21:05:57.335Z, 54.43860, -159.61430,  22.74, KILOMETER,   5.7, mb
2020-10-19T20:54:38.950Z, 54.60200, -159.62580,  28.37, KILOMETER,   7.6, mww
2020-10-19T09:38:52.645Z, 2.88730, 96.31690,  35.00, KILOMETER,   5.1, mww
2020-10-18T09:42:31.395Z, -16.62280, -177.27790,  10.00, KILOMETER,   5.1, mww
2020-10-17T10:49:20.339Z, -54.58120, -133.02960,  10.00, KILOMETER,   5.5, mww
2020-10-17T04:48:05.155Z, 45.37130, 150.02340,  60.40, KILOMETER,   5.2, mb
2020-10-15T07:00:18.798Z, -31.26950, -177.72610,  10.00, KILOMETER,   5.1, mb
2020-10-14T15:28:38.024Z, -10.16240, 66.29640,  10.00, KILOMETER,   5.0, mww
2020-10-13T09:29:52.638Z, 13.97380, 56.93590,  10.00, KILOMETER,   5.4, mww
2020-10-12T00:28:31.773Z, 29.46880, 139.34160, 411.43, KILOMETER,   5.1, mww
2020-10-10T17:38:00.765Z, 24.66610, 93.49970,  53.00, KILOMETER,   5.5, mww
2020-10-10T03:40:45.233Z, -35.25230, 53.92970,  10.00, KILOMETER,   5.0, mww
2020-10-09T21:22:25.769Z, -17.20450, 167.43860,  27.00, KILOMETER,   5.4, mww
2020-10-08T18:24:52.172Z, 52.65250, 152.64670, 523.65, KILOMETER,   5.0, mb
2020-10-08T15:58:50.018Z, -5.90400, 150.84150,  30.00, KILOMETER,   5.8, mww
2020-10-08T15:25:05.662Z, -11.15500, 163.27130,  15.46, KILOMETER,   5.0, mb
2020-10-08T14:22:39.270Z, 52.77230, -168.28040,  32.00, KILOMETER,   5.7, mww
2020-10-06T10:11:46.626Z, -17.99620, -178.47170, 633.00, KILOMETER,   5.9, mww
2020-10-06T05:54:50.449Z, 54.85080, -159.85140,  31.00, KILOMETER,   5.9, mww
2020-10-05T23:43:20.846Z, 34.17880, 79.21410,  10.00, KILOMETER,   5.0, mww
2020-10-05T19:04:00.563Z, 19.86490, 145.35630, 132.81, KILOMETER,   5.3, mww
2020-10-05T13:03:34.591Z, -15.61140, 167.80460, 121.01, KILOMETER,   5.0, mb
2020-10-05T08:48:09.605Z, -54.24790, -133.20060,  10.00, KILOMETER,   5.2, mww
2020-10-05T07:12:01.399Z, -21.88770, 169.88480,  10.00, KILOMETER,   5.2, mww
2020-10-04T09:17:28.211Z, 49.06870, 155.22850,  48.45, KILOMETER,   5.1, mww
2020-10-04T03:35:23.166Z, -12.47170, 166.53550,  93.46, KILOMETER,   5.1, mww
2020-10-03T16:30:06.964Z, -7.17450, 150.07390,  19.00, KILOMETER,   5.4, mww
2020-10-03T12:26:27.715Z, 29.88950, 130.73360,  34.17, KILOMETER,   5.1, mww
2020-10-03T09:31:31.262Z, 33.47660, 140.94120,  28.85, KILOMETER,   5.8, mww
2020-10-02T23:31:16.079Z, 18.72530, 145.91600, 109.96, KILOMETER,   5.2, mww
2020-10-02T13:16:26.874Z, -17.11540, 167.60200,  10.06, KILOMETER,   5.1, mb
2020-10-01T10:34:45.149Z, -5.99610, 148.66560,  74.00, KILOMETER,   6.1, mww
2020-10-01T10:25:07.728Z, 51.66730, -174.91660,  40.20, KILOMETER,   5.3, mww
2020-10-01T01:13:36.524Z, -19.53850, -174.12170,  28.00, KILOMETER,   6.4, mww
2020-09-30T19:35:23.743Z, -17.01900, 167.76330,   9.98, KILOMETER,   5.3, mww
2020-09-30T04:37:20.137Z, 24.88260, 122.07530, 106.01, KILOMETER,   5.0, mww
2020-09-29T19:01:18.275Z, -15.14920, -174.05500,  10.00, KILOMETER,   5.1, mww
2020-09-29T01:03:53.888Z, 13.42920, 145.88000,  10.00, KILOMETER,   5.1, mb
2020-09-29T00:17:37.345Z, -33.54740, -178.21360,  10.00, KILOMETER,   5.0, mww
2020-09-28T02:44:20.267Z, 51.95340, -169.60770,  15.49, KILOMETER,   5.2, mww
2020-09-27T17:27:42.182Z, 34.14480, 78.15190,  10.00, KILOMETER,   5.0, mww
2020-09-27T04:12:17.740Z, 51.89050, -169.68280,  17.00, KILOMETER,   5.5, mww
2020-09-27T00:35:24.843Z, -57.19780, -147.71960,  10.00, KILOMETER,   5.5, mww
2020-09-26T17:10:22.462Z, -48.02490, 31.74040,  10.00, KILOMETER,   6.1, mww
2020-09-26T05:46:55.523Z, 38.19810, 56.05100,  10.00, KILOMETER,   5.2, mww
2020-09-25T10:57:13.221Z, 34.24870, 78.20580,  10.00, KILOMETER,   5.3, mww
2020-09-22T00:20:35.082Z, 12.79990, 143.86890,  10.00, KILOMETER,   5.0, mb
2020-09-21T18:04:57.669Z, 51.85690, 103.48020,  10.00, KILOMETER,   5.5, mww
2020-09-20T19:08:07.568Z, 38.01780, 34.04190,  10.00, KILOMETER,   5.1, mww
2020-09-20T16:55:04.012Z, -6.60240, 153.84100,  10.00, KILOMETER,   5.0, mb
2020-09-20T01:59:05.610Z, 22.98610, 93.76770,  53.56, KILOMETER,   5.1, mb
2020-09-19T23:22:47.168Z, -11.56170, 165.17820,  10.00, KILOMETER,   5.0, mb
2020-09-19T21:09:31.865Z, -37.52370, 77.88740,  10.00, KILOMETER,   5.8, mww
2020-09-18T17:47:49.565Z, 38.01130, 73.69160,  36.30, KILOMETER,   5.1, mb
2020-09-17T17:01:31.953Z, -16.51830, -177.25940,  10.00, KILOMETER,   5.5, mww
2020-09-17T03:27:36.174Z, -6.22390, 154.87290,  71.76, KILOMETER,   5.0, mww
2020-09-16T08:44:28.666Z, -22.30560, 171.58560, 102.00, KILOMETER,   5.7, mww
2020-09-15T23:34:03.386Z, 27.84640, 85.87650,  10.00, KILOMETER,   5.3, mb
2020-09-15T15:38:29.002Z, -6.80850, 150.42500,  10.00, KILOMETER,   5.0, mb
2020-09-15T04:12:16.258Z, -15.10750, 179.87180,  10.00, KILOMETER,   5.9, mww
2020-09-15T03:41:28.036Z, 55.97330, 158.37830, 344.00, KILOMETER,   6.4, mww
2020-09-14T08:07:10.905Z, 10.52690, 145.84970,  10.00, KILOMETER,   5.0, mb
2020-09-13T18:28:52.194Z, 4.24490, 96.68380, 121.54, KILOMETER,   5.0, mww
2020-09-13T13:42:26.407Z, 48.93210, 142.08660,  10.00, KILOMETER,   5.0, mb
2020-09-13T11:47:24.723Z, -32.83560, -178.63110,  35.00, KILOMETER,   5.0, mww
2020-09-12T08:34:27.321Z, -17.25620, 167.67920,  10.00, KILOMETER,   5.9, mww
2020-09-12T06:47:22.581Z, -14.83550, 167.39170, 133.80, KILOMETER,   5.1, mww
2020-09-12T02:50:43.442Z, 38.68140, 142.34170,  38.76, KILOMETER,   5.0, mb
2020-09-12T02:44:11.224Z, 38.74820, 142.24460,  34.00, KILOMETER,   6.1, mww
2020-09-12T02:37:29.903Z, -17.88040, -178.00540, 559.66, KILOMETER,   5.6, mww
2020-09-11T22:13:55.059Z, 42.49380, 141.54470, 131.61, KILOMETER,   5.0, mb
2020-09-09T22:55:55.206Z, -14.77890, -175.92430, 310.61, KILOMETER,   5.2, mww
2020-09-09T10:57:09.384Z, -6.24150, 154.44170,  30.92, KILOMETER,   5.4, mww
2020-09-08T08:28:53.492Z, -15.17370, -172.97960,  25.00, KILOMETER,   5.4, mww
2020-09-08T04:37:02.589Z, -1.14000, 98.49850,  10.00, KILOMETER,   5.0, mb
2020-09-08T02:58:14.603Z, 27.04370, 127.88290,  57.70, KILOMETER,   5.0, mww
2020-09-07T06:29:14.938Z, -17.16220, 168.50760,  10.00, KILOMETER,   5.7, mww
2020-09-07T06:12:39.688Z, -17.11020, 168.50340,  10.00, KILOMETER,   6.2, mww
2020-09-07T04:41:25.994Z, -17.08870, 167.78000,  10.00, KILOMETER,   5.0, mb
2020-09-06T21:34:26.684Z, 36.97960, 55.11030,  10.00, KILOMETER,   5.3, mww
2020-09-06T21:33:49.084Z, 36.65830, 141.56740,  31.19, KILOMETER,   5.1, mww
2020-09-06T15:57:05.848Z, -5.55880, 152.65030,  10.00, KILOMETER,   5.2, mb
2020-09-06T14:55:19.447Z, -20.70350, -173.57130,  10.00, KILOMETER,   5.5, mww
2020-09-06T04:39:20.443Z, -17.12150, 167.78080,  10.00, KILOMETER,   5.4, mww
2020-09-06T04:20:50.790Z, -17.17080, 167.65720,  10.00, KILOMETER,   5.1, mb
2020-09-06T02:59:16.073Z, -17.15620, 167.53210,  10.00, KILOMETER,   6.2, mww
2020-09-04T10:39:51.305Z, -32.57430, -178.38650,  10.00, KILOMETER,   5.2, mb
2020-09-04T03:23:37.455Z, -52.47220, 13.46970,  10.00, KILOMETER,   5.0, mb
2020-09-03T21:45:09.203Z, 37.12820, 142.56430,  35.00, KILOMETER,   5.3, mww
2020-09-03T02:34:02.313Z, -14.58680, 167.96410,  10.00, KILOMETER,   5.0, mb
2020-09-02T17:05:02.281Z, -32.31700, -179.42040,  18.90, KILOMETER,   5.1, mww
2020-09-02T10:35:44.364Z, 43.13500, 145.79460,  55.67, KILOMETER,   5.0, mb
2020-09-01T23:17:11.942Z, -56.28000, -143.94030,  10.00, KILOMETER,   5.3, mww
2020-09-01T00:51:17.028Z, 58.71960, 158.98370,  10.00, KILOMETER,   5.6, mww
2020-08-31T20:28:08.904Z, -54.97130, -130.18970,  10.00, KILOMETER,   5.8, mww
2020-08-31T17:24:04.946Z, -4.01580, 70.19730,  10.00, KILOMETER,   6.1, mww
2020-08-31T03:36:52.608Z, 27.83890, 53.14550,  10.00, KILOMETER,   5.2, mww
2020-08-30T13:26:47.649Z, -36.82430, 177.29480,  10.00, KILOMETER,   5.1, mww
2020-08-29T12:45:19.140Z, -36.85720, 177.12650,  10.00, KILOMETER,   5.0, mb
2020-08-29T07:46:07.788Z, -14.63500, -177.75780,  10.00, KILOMETER,   5.2, mww
2020-08-28T15:47:05.845Z, -36.89730, 177.18560,  10.00, KILOMETER,   5.6, mww
2020-08-27T16:32:50.249Z, -52.79760, 140.60480,  10.00, KILOMETER,   5.2, mww
2020-08-27T12:07:15.628Z, 23.16360, 93.32580,  10.00, KILOMETER,   5.3, mww
2020-08-27T05:00:19.766Z, -5.54500, 151.76900,  35.00, KILOMETER,   5.0, mb
2020-08-25T20:02:55.179Z, -5.56250, 151.96820,  35.18, KILOMETER,   5.1, mww
2020-08-25T19:08:52.908Z, -5.54540, 151.83650,  22.00, KILOMETER,   6.2, mww
2020-08-25T19:07:18.933Z, -5.57860, 152.05730,  10.00, KILOMETER,   5.0, mb
2020-08-25T19:04:41.328Z, -5.57080, 151.80400,  10.00, KILOMETER,   5.5, mb
2020-08-25T19:02:58.437Z, -5.55790, 151.86380,  23.00, KILOMETER,   6.0, mww
2020-08-25T07:15:21.830Z, 12.71940, 58.20310,  10.00, KILOMETER,   5.2, mww
2020-08-24T22:49:57.667Z, -21.76640, -175.43990,  20.01, KILOMETER,   5.3, mww
2020-08-24T17:14:55.764Z, -15.29040, -174.08800,  10.00, KILOMETER,   5.6, mww
2020-08-24T14:13:13.708Z, -3.74690, 29.25790,  10.00, KILOMETER,   5.0, mb
2020-08-24T07:03:49.166Z, -11.18060, 34.59750,  10.00, KILOMETER,   5.0, mb
2020-08-24T00:45:18.418Z, -28.50530, -177.11450,  41.73, KILOMETER,   5.4, mww
2020-08-23T16:46:47.434Z, -4.79120, 152.67520,  47.42, KILOMETER,   5.4, mww
2020-08-22T10:31:22.685Z, 31.05130, 141.72190,  10.00, KILOMETER,   5.2, mww
2020-08-20T16:35:10.468Z, 54.21490, -162.77560,  52.90, KILOMETER,   5.0, mww
2020-08-19T19:45:59.171Z, 54.94300, -160.31420,  43.89, KILOMETER,   5.1, mww
2020-08-18T18:28:33.740Z, 55.02000, -157.93890,  14.30, KILOMETER,   5.0, ml
2020-08-18T04:40:32.916Z, -36.36260, 52.27390,  10.00, KILOMETER,   5.8, mww
2020-08-17T18:30:12.759Z, -52.54030, 26.60960,  10.00, KILOMETER,   5.0, mb
2020-08-17T12:54:45.655Z, -9.36500, 152.41010,  10.00, KILOMETER,   5.4, mww
2020-08-17T09:52:12.102Z, -18.07600, -178.36570, 583.53, KILOMETER,   5.1, mb
2020-08-16T20:05:50.279Z, 51.21420, -171.08800,  18.00, KILOMETER,   5.8, mww
2020-08-16T02:53:06.021Z, 20.34500, 122.20320,  13.59, KILOMETER,   5.0, mww
2020-08-15T04:45:06.300Z, -6.01310, 152.65690,  10.00, KILOMETER,   5.0, mb
2020-08-14T09:11:42.545Z, -24.32230, -175.81270,  10.00, KILOMETER,   5.0, mww
2020-08-13T14:54:54.766Z, -7.35470, 39.81150,  10.00, KILOMETER,   5.1, mww
2020-08-13T06:40:00.548Z, 53.43010, -163.71340,  28.00, KILOMETER,   5.7, mww
2020-08-12T22:40:45.802Z, 28.04430, 65.95780,  13.98, KILOMETER,   5.6, mww
2020-08-12T22:32:38.305Z, 19.88760, 121.28030,  10.00, KILOMETER,   5.5, mww
2020-08-12T17:30:01.933Z, 48.80090, 154.82680,  42.73, KILOMETER,   5.0, mb
2020-08-12T17:13:16.180Z, -7.33270, 39.81260,  17.55, KILOMETER,   6.0, mww
2020-08-11T23:42:42.340Z, -23.91360, -175.57420,  10.00, KILOMETER,   5.0, mb
2020-08-11T10:53:37.148Z, -28.09330, -176.47050,  10.00, KILOMETER,   5.1, mww
2020-08-09T23:42:33.593Z, -53.01670, 11.58010,  10.00, KILOMETER,   5.7, mww
2020-08-09T16:30:32.347Z, -41.69580, 42.62020,  10.00, KILOMETER,   5.3, mww
2020-08-09T14:57:54.236Z, 55.04550, -157.92550,  23.20, KILOMETER,   5.1, mww
2020-08-09T09:16:19.840Z, 34.22570, 45.59180,  10.00, KILOMETER,   5.0, mb
2020-08-08T14:42:54.082Z, 54.71430, -161.10580,  38.61, KILOMETER,   5.5, mww
2020-08-08T12:52:57.860Z, 54.77130, -158.18840,  27.50, KILOMETER,   5.3, ml
2020-08-08T00:35:07.997Z, 43.24280, 87.67100,  10.00, KILOMETER,   5.3, mb
2020-08-07T04:39:41.731Z, -22.61180, 173.21010,  44.00, KILOMETER,   5.0, mb
2020-08-06T23:36:44.553Z, -41.67940, 42.44860,  10.00, KILOMETER,   6.3, mww
2020-08-06T15:34:44.170Z, 33.75170, 136.77760, 376.26, KILOMETER,   5.2, mww
2020-08-06T03:06:33.732Z, 37.42190, 138.67420, 165.32, KILOMETER,   5.1, mww
2020-08-05T17:54:02.336Z, 36.14050, 141.84150,  28.00, KILOMETER,   5.3, mww
2020-08-05T16:17:40.635Z, 54.56220, -161.09060,   6.60, KILOMETER,   5.1, mww
2020-08-05T12:05:36.589Z, -16.09440, 168.06500, 181.88, KILOMETER,   6.4, mww
2020-08-05T02:20:59.554Z, -28.31280, -176.43620,  10.00, KILOMETER,   5.0, mb
2020-08-05T01:01:24.576Z, -24.13790, -175.43650,  10.00, KILOMETER,   5.0, mb
2020-08-04T17:50:58.504Z, -5.74750, 148.29430, 170.82, KILOMETER,   5.4, mww
2020-08-04T16:31:18.873Z, -12.56230, 166.61460,  70.00, KILOMETER,   5.6, mww
2020-08-04T12:47:18.769Z, 54.72060, -161.13840,  35.00, KILOMETER,   5.2, mww
2020-08-04T11:21:36.914Z, 34.47430, 140.37860,  75.02, KILOMETER,   5.0, mb
2020-08-04T09:37:37.015Z, 38.18780, 38.69800,  10.00, KILOMETER,   5.6, mww
2020-08-03T21:16:19.928Z, -61.41420, 161.42390,  10.00, KILOMETER,   5.6, mww
2020-08-03T08:31:10.259Z, 17.11280, 147.34790,  10.00, KILOMETER,   5.4, mww
2020-08-03T01:18:16.682Z, -17.33410, -174.25250,  92.41, KILOMETER,   5.2, mww
2020-08-02T09:29:57.474Z, -3.09830, 148.91610,  10.00, KILOMETER,   5.9, mww
2020-08-02T03:01:33.864Z, -20.81680, 173.47320,  10.00, KILOMETER,   5.7, mww
2020-08-01T19:45:49.285Z, -22.80550, -175.88360,  20.28, KILOMETER,   5.6, mww
2020-08-01T19:22:05.163Z, -3.19510, 148.64960,  10.00, KILOMETER,   6.1, mww
2020-08-01T19:08:49.710Z, -3.18820, 148.74750,  10.00, KILOMETER,   5.7, mww
2020-07-31T17:06:00.724Z, -7.49700, 156.81020, 403.49, KILOMETER,   5.2, mww
2020-07-31T16:04:18.052Z, -5.61230, 151.78810,  35.00, KILOMETER,   5.2, mww
2020-07-31T10:02:16.044Z, -8.82140, 152.77630,  10.00, KILOMETER,   5.6, mww
2020-07-30T19:16:50.124Z, -19.07840, -173.33560,  10.00, KILOMETER,   5.7, mww
2020-07-30T16:08:18.839Z, 54.83580, -158.17110,  33.90, KILOMETER,   5.0, ml
2020-07-30T00:35:56.884Z, 30.62870, 141.77210,  14.25, KILOMETER,   5.8, mww
2020-07-29T16:51:10.619Z, -16.79750, -173.45900,  12.68, KILOMETER,   5.0, mb
2020-07-29T09:12:16.363Z, 54.94430, -160.32980,  39.00, KILOMETER,   5.6, mww
2020-07-28T12:42:51.754Z, 54.90420, -160.30770,  41.88, KILOMETER,   5.0, mww
2020-07-28T08:03:43.215Z, 54.79050, -161.20410,  35.15, KILOMETER,   6.1, mww
2020-07-27T23:37:04.629Z, -6.14400, 70.32920,  10.00, KILOMETER,   5.3, mww
2020-07-27T19:34:37.979Z, 54.93650, -160.31080,  37.48, KILOMETER,   5.5, mww
2020-07-26T12:52:29.779Z, 24.27810, 122.46140,  56.29, KILOMETER,   5.2, mww
2020-07-26T01:53:45.663Z, -14.59730, 166.73480,  42.20, KILOMETER,   5.2, mb
2020-07-25T22:35:49.025Z, -20.46440, -178.42190, 553.92, KILOMETER,   5.4, mww
2020-07-24T13:24:39.244Z, 54.85520, -160.71550,  45.17, KILOMETER,   5.0, mww
2020-07-24T03:07:08.676Z, 54.81800, -160.67180,  43.16, KILOMETER,   5.0, mww
2020-07-23T11:08:38.431Z, 55.21250, -159.61900,  44.89, KILOMETER,   5.0, mww
2020-07-23T10:50:09.085Z, 33.15080, 86.82350,  10.00, KILOMETER,   5.1, mww
2020-07-22T21:39:58.521Z, 55.24590, -159.34400,  35.64, KILOMETER,   5.5, mww
2020-07-22T20:14:44.728Z, 33.20880, 86.77300,  10.00, KILOMETER,   5.0, mb
2020-07-22T20:07:19.194Z, 33.14380, 86.86370,  10.00, KILOMETER,   6.3, mww
2020-07-22T08:13:30.171Z, 55.20360, -159.31810,  45.22, KILOMETER,   5.7, mwr
2020-07-22T07:30:42.414Z, -15.39730, 166.36260,  47.29, KILOMETER,   5.1, mb
2020-07-22T06:20:07.865Z, 54.74610, -158.87500,  24.60, KILOMETER,   5.6, mb
2020-07-22T06:16:18.627Z, 54.96900, -159.04130,  16.53, KILOMETER,   6.1, mb
2020-07-22T06:12:44.810Z, 55.07150, -158.59600,  28.00, KILOMETER,   7.8, mww
2020-07-21T20:56:25.167Z, -20.80450, -178.63250, 605.20, KILOMETER,   6.0, mww
2020-07-21T14:49:50.249Z, -26.09250, -177.45060, 172.48, KILOMETER,   5.0, mww
2020-07-19T10:15:47.711Z, 30.41200, 94.86130,  10.00, KILOMETER,   5.0, mb
2020-07-19T02:15:13.337Z, -10.90300, 93.86810,  10.00, KILOMETER,   5.4, mww
2020-07-18T15:32:36.835Z, -15.25530, -172.69400,  12.00, KILOMETER,   6.1, mww
2020-07-18T12:00:46.378Z, -33.37190, -177.79900,  10.00, KILOMETER,   5.0, mww
2020-07-18T01:37:15.512Z, -10.41020, 161.39400,  48.00, KILOMETER,   5.8, mww
2020-07-17T18:32:58.716Z, 12.09790, 94.97450,   5.07, KILOMETER,   5.7, mww
2020-07-17T16:33:53.474Z, 23.11620, 93.30920,  10.00, KILOMETER,   5.1, mww
2020-07-17T14:43:17.244Z, 11.84850, 94.83160,  10.00, KILOMETER,   5.0, mww
2020-07-17T14:03:40.437Z, 11.84850, 94.93620,  10.00, KILOMETER,   6.1, mww
2020-07-17T13:29:04.589Z, 11.83950, 94.97710,  10.00, KILOMETER,   5.1, mww
2020-07-17T06:10:47.064Z, 44.83830, 147.52130, 134.15, KILOMETER,   5.0, mb
2020-07-16T20:03:09.371Z, 30.31920, 136.78270, 499.68, KILOMETER,   5.1, mww
2020-07-15T15:00:44.241Z, -15.89170, 67.36100,  10.00, KILOMETER,   5.0, mb
2020-07-15T08:59:54.750Z, 51.97910, -177.37680,  11.77, KILOMETER,   5.2, mww
2020-07-15T00:53:41.322Z, -65.35220, 179.42290,  10.00, KILOMETER,   5.0, mb
2020-07-14T19:15:15.832Z, -14.86450, 167.45570, 161.37, KILOMETER,   5.1, mww
2020-07-14T01:42:04.856Z, -62.14040, 165.32600,  10.00, KILOMETER,   5.2, mww
2020-07-13T22:14:48.760Z, -17.27160, 167.87620,  10.00, KILOMETER,   5.1, mww
2020-07-13T08:13:26.396Z, -33.27700, -177.87800,  10.00, KILOMETER,   5.3, mww
2020-07-13T06:22:31.699Z, 12.03860, 140.21080,  10.00, KILOMETER,   5.0, mww
2020-07-13T00:58:46.324Z, 5.16980, 94.22370,  35.00, KILOMETER,   5.0, mww
2020-07-11T21:53:00.977Z, -5.60150, 154.19560, 166.07, KILOMETER,   5.4, mww
2020-07-10T22:40:26.999Z, -54.98470, -140.99160,  10.00, KILOMETER,   5.0, mb
2020-07-10T17:11:46.797Z, -17.25050, -173.95930,  10.00, KILOMETER,   5.1, mb
2020-07-10T06:29:43.457Z, -2.62620, 68.17170,  10.00, KILOMETER,   5.3, mww
2020-07-08T01:07:02.618Z, 56.01880, -153.61970,   3.30, KILOMETER,   5.1, mww
2020-07-07T04:56:25.528Z, -53.87320, -134.41730,  10.00, KILOMETER,   5.4, mww
2020-07-06T21:01:08.708Z, 12.34750, 140.40410,  10.00, KILOMETER,   5.1, mb
2020-07-06T18:55:29.384Z, 12.21070, 140.32150,  10.00, KILOMETER,   5.0, mb
2020-07-06T18:19:09.971Z, 31.52750, 138.12630, 388.56, KILOMETER,   5.7, mww
2020-07-06T18:16:18.418Z, 12.08090, 140.24760,  10.00, KILOMETER,   6.2, mww
2020-07-06T15:30:29.829Z, 11.06510, 138.61100,  10.00, KILOMETER,   5.0, mb
2020-07-06T12:58:04.288Z, 21.03290, 144.85780, 125.00, KILOMETER,   5.5, mww
2020-07-05T18:50:01.333Z, -14.90020, 167.38340, 115.00, KILOMETER,   5.8, mww
2020-07-05T08:53:34.372Z, 53.29620, -160.41820,  10.00, KILOMETER,   5.5, mww
2020-07-04T09:53:00.191Z, 39.03410, 70.92250,  10.00, KILOMETER,   5.4, mww
2020-07-04T01:49:58.862Z, -9.85170, 154.88150,  10.00, KILOMETER,   5.2, mww
2020-07-04T01:34:45.174Z, -9.67990, 154.90270,  10.00, KILOMETER,   5.5, mww
2020-07-02T07:07:24.419Z, 43.71880, 147.99360,  41.18, KILOMETER,   5.2, mb
2020-06-30T22:10:09.644Z, -19.54290, 169.22340,  98.54, KILOMETER,   5.1, mb
2020-06-30T05:44:53.908Z, -33.97860, -177.30440,  10.00, KILOMETER,   5.0, mb
2020-06-29T09:52:49.620Z, 33.87650, 141.73480,  10.00, KILOMETER,   5.3, mww
2020-06-26T11:54:56.529Z, 19.11470, 121.09470,  19.67, KILOMETER,   5.3, mww
2020-06-25T21:17:04.425Z, 35.66850, 82.44720,  10.00, KILOMETER,   5.0, mb
2020-06-25T21:05:18.140Z, 35.59480, 82.41580,  10.00, KILOMETER,   6.3, mww
2020-06-25T10:03:30.648Z, 38.53290, 43.94070,  10.00, KILOMETER,   5.4, mww
2020-06-25T06:08:28.131Z, -26.12810, 70.79050,  10.00, KILOMETER,   5.5, mww
2020-06-24T22:20:02.174Z, -44.64940, 167.47560,  10.80, KILOMETER,   5.6, mww
2020-06-24T19:47:45.011Z, 35.47110, 141.07380,  29.05, KILOMETER,   5.9, mww
2020-06-23T17:50:26.404Z, 13.99980, 145.58700,  65.38, KILOMETER,   5.9, mb
2020-06-23T15:29:55.794Z, -5.02130, 151.91640,  89.03, KILOMETER,   5.0, mb
2020-06-22T18:11:07.999Z, -33.09340, -178.50050,  10.00, KILOMETER,   5.0, mww
2020-06-22T14:29:12.430Z, -33.79340, -178.14290,  11.04, KILOMETER,   5.5, mww
2020-06-22T10:06:55.230Z, -39.11030, 78.18090,  10.00, KILOMETER,   5.0, mb
2020-06-22T09:51:24.130Z, -2.67680, 148.04850,  10.00, KILOMETER,   5.2, mww
2020-06-22T08:02:44.092Z, 17.23840, 119.87530,  10.00, KILOMETER,   5.0, mww
2020-06-21T22:40:52.633Z, 23.14490, 93.28560,  10.84, KILOMETER,   5.6, mww
2020-06-20T15:45:10.070Z, -9.44060, 156.02010,   7.86, KILOMETER,   5.4, mww
2020-06-20T11:57:59.133Z, 17.51640, 145.10470,  12.63, KILOMETER,   5.0, mww
2020-06-20T01:57:55.439Z, -16.20270, -172.66980,  10.00, KILOMETER,   5.4, mww
2020-06-19T20:08:35.795Z, -32.27790, -178.13660,  10.00, KILOMETER,   5.1, mb
2020-06-19T17:10:34.135Z, -33.35670, -178.47910,  10.00, KILOMETER,   5.1, mww
2020-06-19T10:07:56.035Z, -17.42650, -178.91590, 544.04, KILOMETER,   5.6, mww
2020-06-19T03:08:32.334Z, 51.16920, -179.06900,  33.00, KILOMETER,   5.2, mww
2020-06-19T02:59:28.165Z, 51.17540, -179.05640,  33.14, KILOMETER,   5.1, mww
2020-06-19T00:38:51.523Z, -33.58560, -178.56670,  10.00, KILOMETER,   5.4, mww
2020-06-19T00:26:35.711Z, 24.92830, 123.35750,  10.00, KILOMETER,   5.2, mww
2020-06-18T19:34:15.230Z, -33.43180, -178.61830,  10.00, KILOMETER,   5.2, mb
2020-06-18T19:11:52.800Z, -33.41070, -178.01160,  10.00, KILOMETER,   5.3, mb
2020-06-18T16:43:19.007Z, 24.94230, 123.32970,  10.00, KILOMETER,   5.3, mww
2020-06-18T16:42:14.291Z, 24.89890, 123.29200,  10.00, KILOMETER,   5.0, mb
2020-06-18T16:11:39.955Z, -33.25650, -177.91830,  10.00, KILOMETER,   5.5, mb
2020-06-18T15:06:15.598Z, -33.15610, -177.97030,  10.00, KILOMETER,   5.5, mb
2020-06-18T12:49:53.844Z, -33.29270, -177.85710,  10.00, KILOMETER,   7.4, mww
2020-06-18T11:43:40.128Z, -20.75450, -173.53120,  10.00, KILOMETER,   5.1, mb
2020-06-17T06:24:18.242Z, -16.13580, -174.97900, 281.59, KILOMETER,   5.6, mww
2020-06-16T14:30:26.687Z, 27.34370, 34.72040,  10.00, KILOMETER,   5.5, mww
2020-06-16T09:21:37.394Z, 36.67120, 71.03350, 229.31, KILOMETER,   5.0, mb
2020-06-16T08:30:29.991Z, -17.33360, 167.62110,  10.00, KILOMETER,   5.0, mb
2020-06-16T01:30:48.397Z, 37.83420, 72.20350, 127.00, KILOMETER,   5.6, mww
2020-06-15T13:47:15.324Z, 24.86010, 123.26840,  10.44, KILOMETER,   5.2, mww
2020-06-15T10:37:33.314Z, -9.46580, 156.10290,  10.00, KILOMETER,   5.2, mww
2020-06-15T06:51:31.776Z, 39.42260, 40.74790,  10.00, KILOMETER,   5.5, mww
2020-06-15T04:09:35.674Z, -9.36500, 156.11680,  10.00, KILOMETER,   5.2, mww
2020-06-15T04:07:48.219Z, -9.45150, 155.99750,  10.00, KILOMETER,   5.1, mb
2020-06-14T21:23:19.156Z, 49.12990, 158.09800,  10.00, KILOMETER,   5.1, mww
2020-06-14T19:26:20.026Z, 24.90470, 123.25970,  10.00, KILOMETER,   5.1, mww
2020-06-14T18:06:01.738Z, 27.77590, 53.37850,  10.00, KILOMETER,   5.2, mww
2020-06-14T16:02:48.403Z, -23.57480, 69.59860,  10.00, KILOMETER,   5.0, mb
2020-06-14T14:43:08.390Z, 23.38210, 70.35480,  10.00, KILOMETER,   5.1, mb
2020-06-14T14:24:29.501Z, 39.42290, 40.70730,  10.00, KILOMETER,   5.9, mww
2020-06-13T21:08:30.503Z, 18.93170, 145.11160, 622.00, KILOMETER,   6.2, mww
2020-06-13T20:18:59.836Z, 24.30980, 122.46690,  53.65, KILOMETER,   5.4, mww
2020-06-13T18:48:29.289Z, -23.16470, 69.07480,  10.00, KILOMETER,   5.0, mb
2020-06-13T15:51:24.069Z, 28.85910, 128.27130, 165.00, KILOMETER,   6.6, mww
2020-06-13T11:43:34.049Z, 51.23690, -178.39310,  44.70, KILOMETER,   5.0, mww
2020-06-13T06:07:23.619Z, -20.72880, -173.56320,  10.00, KILOMETER,   5.1, mb
2020-06-12T02:53:22.587Z, -42.99250, 41.78360,  10.00, KILOMETER,   5.7, mww
2020-06-10T04:29:20.674Z, -23.45680, 179.22750, 541.31, KILOMETER,   5.9, mww
2020-06-09T17:18:14.071Z, 27.71990, 53.42010,  10.00, KILOMETER,   5.7, mww
2020-06-09T16:08:50.970Z, 27.76450, 53.34460,  10.00, KILOMETER,   5.5, mww
2020-06-07T20:06:38.760Z, -5.34410, 151.59950,  47.78, KILOMETER,   5.9, mww
2020-06-07T14:43:24.234Z, -10.63840, 166.17810,  20.49, KILOMETER,   5.7, mww
2020-06-07T14:36:56.704Z, -10.66060, 166.18380,  13.00, KILOMETER,   5.8, mww
2020-06-07T03:39:50.648Z, -23.71400, 69.76350,  10.00, KILOMETER,   5.1, mb
2020-06-06T23:50:35.433Z, 1.71810, 97.05300,  11.52, KILOMETER,   5.2, mb
2020-06-06T10:55:41.996Z, -16.72470, 177.34600,  10.00, KILOMETER,   5.7, mww
2020-06-06T07:22:00.525Z, -22.14240, -179.49190, 576.29, KILOMETER,   5.0, mww
2020-06-05T18:06:21.607Z, 38.23790, 38.75870,  10.00, KILOMETER,   5.1, mww
2020-06-05T06:19:36.149Z, -22.25960, -175.56040,  22.44, KILOMETER,   5.3, mww
2020-06-04T11:21:53.510Z, -17.44360, 167.90990,  35.00, KILOMETER,   5.1, mb
2020-06-03T09:31:35.257Z, -24.67460, -176.71130,  69.85, KILOMETER,   6.0, mww
2020-06-03T08:16:53.519Z, 33.41620, 46.11040,  10.00, KILOMETER,   5.0, mb
2020-06-02T15:41:15.738Z, 37.63700, 144.50550,  10.00, KILOMETER,   5.0, mww
2020-06-02T02:04:24.734Z, -19.00700, 169.48690, 255.55, KILOMETER,   5.1, mww
2020-06-01T00:15:52.200Z, 18.20480, 147.16990,  10.00, KILOMETER,   5.0, mww
2020-05-31T23:25:43.545Z, -23.90360, -176.60330, 128.00, KILOMETER,   5.8, mww
2020-05-31T21:02:11.329Z, 36.20340, 140.36480,  98.61, KILOMETER,   5.2, mww
2020-05-31T11:11:38.446Z, -15.48460, 168.28640,  10.00, KILOMETER,   5.0, mb
2020-05-30T18:13:48.078Z, 42.48030, 143.80870,  89.00, KILOMETER,   5.6, mww
2020-05-30T03:06:19.991Z, -6.06270, 152.33380,   6.09, KILOMETER,   5.1, mww
2020-05-29T20:14:51.171Z, -32.05050, -178.59680,  10.00, KILOMETER,   5.0, mww
2020-05-29T16:13:19.990Z, -17.39600, 167.60920,  11.68, KILOMETER,   5.0, mww
2020-05-29T11:07:49.661Z, -17.40250, 167.73720,  10.00, KILOMETER,   5.3, mww
2020-05-29T10:05:17.538Z, 36.23410, 137.75370,  10.00, KILOMETER,   5.1, mww
2020-05-29T06:23:29.897Z, -21.78670, -179.06120, 594.75, KILOMETER,   5.0, mb
2020-05-28T09:46:46.142Z, -27.71160, -174.83330,  10.00, KILOMETER,   5.8, mww
2020-05-28T07:41:38.153Z, -9.52020, 156.00830,  10.00, KILOMETER,   5.0, mb
2020-05-28T07:18:45.146Z, -22.21460, -174.41960,  10.00, KILOMETER,   6.0, mww
2020-05-28T05:17:29.548Z, 16.60270, 120.37490,  77.46, KILOMETER,   5.1, mww
2020-05-27T21:09:10.811Z, -23.76480, 69.57420,  10.00, KILOMETER,   5.3, mww
2020-05-27T09:19:51.157Z, 24.84950, 125.41060,  38.74, KILOMETER,   5.3, mb
2020-05-27T08:05:51.284Z, -17.18170, 167.67920,  10.00, KILOMETER,   5.0, mb
2020-05-27T07:09:09.853Z, -17.53040, 167.87430,   9.73, KILOMETER,   6.2, mww
2020-05-26T22:52:13.242Z, -17.04040, 167.76160,  10.40, KILOMETER,   5.5, mww
2020-05-26T05:57:58.530Z, 34.13130, 141.58690,  10.00, KILOMETER,   5.0, mww
2020-05-26T05:25:42.092Z, 14.25690, 146.89160,  10.00, KILOMETER,   5.0, mww
2020-05-26T05:18:19.584Z, 46.56350, 153.51990,  10.00, KILOMETER,   5.4, mww
2020-05-25T23:22:25.302Z, 12.59920, 144.18940,   8.79, KILOMETER,   5.2, mww
2020-05-25T14:42:17.395Z, 24.38560, 93.91970,  57.89, KILOMETER,   5.1, mww
2020-05-25T00:06:26.332Z, -20.54740, 172.53410,  10.00, KILOMETER,   5.0, mww
2020-05-24T19:53:32.262Z, -40.37780, 174.95730,  46.00, KILOMETER,   5.6, mww
2020-05-24T09:36:14.771Z, 31.39910, 140.09750, 120.78, KILOMETER,   5.2, mww
2020-05-23T23:02:27.466Z, -14.81420, 66.69470,  10.00, KILOMETER,   5.5, mww
2020-05-23T02:10:27.512Z, 15.62870, 121.56580,  43.46, KILOMETER,   5.2, mww
2020-05-22T19:33:07.418Z, 27.26830, 128.49270,  53.62, KILOMETER,   5.0, mww
2020-05-20T20:31:51.882Z, -16.32020, 168.03130, 165.31, KILOMETER,   5.2, mww
2020-05-20T13:46:45.962Z, -15.98020, -173.55570,  41.67, KILOMETER,   5.1, mww
2020-05-19T04:12:59.967Z, 36.28460, 137.68650,  10.00, KILOMETER,   5.2, mww
2020-05-19T03:17:13.037Z, 37.61580, 141.27720,  44.28, KILOMETER,   5.1, mww
2020-05-18T13:48:03.218Z, 27.26640, 103.28810,  10.00, KILOMETER,   5.1, mww
2020-05-18T08:00:17.212Z, -29.96400, -176.39420,  10.00, KILOMETER,   5.0, mb
2020-05-18T03:00:38.394Z, 38.21660, 141.67600,  46.75, KILOMETER,   5.0, mww
2020-05-17T19:07:42.468Z, -25.44810, 179.92360, 459.12, KILOMETER,   5.4, mww
2020-05-16T13:11:13.126Z, -17.54650, -174.15080,  85.90, KILOMETER,   5.3, mww
2020-05-16T03:15:44.032Z, -16.05610, 168.00320, 170.55, KILOMETER,   5.9, mww
2020-05-15T15:18:55.554Z, -29.96680, -176.44490,  10.00, KILOMETER,   5.2, mww
2020-05-15T15:05:56.324Z, -15.78140, -172.89090,  23.87, KILOMETER,   5.6, mww
2020-05-15T14:49:21.256Z, -15.58200, -173.08110,  10.00, KILOMETER,   5.7, mww
2020-05-15T10:50:44.808Z, -21.65720, -179.31380, 606.73, KILOMETER,   5.1, mww
2020-05-13T20:10:36.575Z, -20.79290, -176.58340, 243.29, KILOMETER,   5.2, mww
2020-05-13T05:56:28.624Z, 42.74190, 139.00380, 192.61, KILOMETER,   5.0, mww
2020-05-12T22:41:12.177Z, -12.06650, 166.64850, 107.00, KILOMETER,   6.6, mww
2020-05-10T23:58:33.700Z, 36.35710, 141.12730,  31.00, KILOMETER,   5.8, mww
2020-05-09T15:35:58.650Z, 40.83530, 78.86240,  10.00, KILOMETER,   5.3, mww
2020-05-08T20:45:30.714Z, -29.43940, 76.51460,  10.00, KILOMETER,   5.5, mww
2020-05-08T10:27:36.869Z, 12.30740, 144.00250,  10.00, KILOMETER,   5.2, mww
2020-05-07T15:16:41.095Z, -4.17890, 152.56900, 128.08, KILOMETER,   5.3, mww
2020-05-07T11:21:20.152Z, -4.46430, 154.74100, 471.17, KILOMETER,   6.1, mww
2020-05-06T10:51:00.738Z, 39.68370, 73.94260,  10.00, KILOMETER,   5.1, mww
2020-05-05T23:20:39.569Z, -15.25190, -172.87530,  10.00, KILOMETER,   5.4, mww
2020-05-05T16:57:08.845Z, 35.55890, 140.05480,  71.19, KILOMETER,   5.1, mww
2020-05-05T00:09:12.278Z, -56.82820, -141.90000,  10.00, KILOMETER,   5.3, mww
2020-05-04T13:07:48.414Z, 35.68650, 140.87490,  42.42, KILOMETER,   5.6, mww
2020-05-04T03:03:10.711Z, 31.03660, 141.87040,  10.00, KILOMETER,   5.3, mww
2020-05-03T19:36:55.645Z, 2.85430, 36.05960,  10.00, KILOMETER,   5.0, mww
2020-05-03T15:25:10.693Z, -21.51980, -173.95950,  10.00, KILOMETER,   5.1, mb
2020-05-03T11:54:24.575Z, 31.40400, 128.83930,  10.00, KILOMETER,   5.9, mww
2020-05-03T03:24:41.168Z, 23.25530, 121.58590,  41.81, KILOMETER,   5.2, mww
2020-05-01T20:28:08.978Z, 28.40040, 56.92450,  10.00, KILOMETER,   5.0, mb
2020-05-01T07:04:49.333Z, 54.45950, 161.70200,  36.51, KILOMETER,   5.0, mww
2020-05-01T02:03:44.644Z, -30.33500, -177.86890,  10.00, KILOMETER,   5.0, mb
2020-04-30T08:20:26.093Z, 1.22990, 99.59950,  17.12, KILOMETER,   5.0, mww
2020-04-30T03:15:21.414Z, 40.92190, 142.77660,  36.18, KILOMETER,   5.2, mww
2020-04-29T10:23:16.959Z, -5.12800, 152.32580,  35.00, KILOMETER,   5.0, mb
2020-04-28T00:13:43.203Z, -16.38740, -172.90050,  10.00, KILOMETER,   5.2, mb
2020-04-27T08:40:42.777Z, -3.73290, 151.46590,  10.00, KILOMETER,   5.4, mww
2020-04-26T22:52:11.130Z, -44.92220, 167.54300,  78.44, KILOMETER,   5.0, mww
2020-04-26T14:02:13.797Z, 42.13060, 144.94470,  10.00, KILOMETER,   5.0, mb
2020-04-26T13:43:57.882Z, -3.95790, 151.38030,  10.00, KILOMETER,   5.2, mww
2020-04-25T02:55:19.224Z, -6.55360, 154.45130,  10.00, KILOMETER,   5.4, mb
2020-04-25T02:53:06.698Z, -6.53370, 154.23470,  19.00, KILOMETER,   6.1, mww
2020-04-23T19:52:26.471Z, 41.50900, 141.92890,  53.34, KILOMETER,   5.2, mww
2020-04-23T04:44:23.106Z, 36.16630, 137.77850,  10.00, KILOMETER,   5.2, mww
2020-04-22T23:19:30.540Z, -19.06710, -172.93200,  10.00, KILOMETER,   5.0, mww
2020-04-22T22:31:25.788Z, -22.07970, -175.49570,  39.74, KILOMETER,   5.5, mww
2020-04-22T20:22:46.505Z, 13.72630, 51.63920,  10.00, KILOMETER,   5.1, mww
2020-04-22T06:51:01.641Z, 46.48120, 153.50400,  10.00, KILOMETER,   5.3, mww
2020-04-20T19:59:21.986Z, -8.54150, 159.21930,  87.44, KILOMETER,   5.2, mww
2020-04-20T00:34:36.399Z, -15.34480, 167.54120, 124.35, KILOMETER,   5.3, mww
2020-04-19T20:39:05.639Z, 38.89530, 142.00490,  38.00, KILOMETER,   6.3, mww
2020-04-19T16:46:56.870Z, -56.27510, -142.76440,  10.00, KILOMETER,   5.0, mb
2020-04-18T21:09:07.949Z, -30.41600, -177.66310,  35.16, KILOMETER,   5.0, mww
2020-04-18T09:24:18.247Z, 27.20340, 140.07120, 473.69, KILOMETER,   5.7, mww
2020-04-18T08:25:37.052Z, 27.12640, 140.13490, 453.00, KILOMETER,   6.6, mww
2020-04-17T16:30:48.433Z, -23.70040, 69.43740,  10.00, KILOMETER,   5.8, mww
2020-04-17T00:22:45.357Z, 55.97170, -153.30770,   7.30, KILOMETER,   5.4, ml
2020-04-16T21:23:51.110Z, 26.07840, 128.47600,  10.00, KILOMETER,   5.0, mb
2020-04-16T21:22:29.788Z, 26.00620, 128.56650,  10.00, KILOMETER,   5.3, mww
2020-04-16T17:38:23.073Z, -10.36780, 161.25000,  45.76, KILOMETER,   5.0, mww
2020-04-16T11:45:23.960Z, 22.80040, 94.02920,  10.00, KILOMETER,   5.9, mww
2020-04-16T08:21:54.763Z, -16.28790, 178.37420,  10.00, KILOMETER,   5.2, mww
2020-04-15T22:42:16.767Z, -5.35910, 152.73970,  17.15, KILOMETER,   5.2, mww
2020-04-15T18:43:39.587Z, 52.16750, 160.62100,  10.00, KILOMETER,   5.0, mb
2020-04-15T07:19:04.792Z, 26.28100, 128.92380,  10.00, KILOMETER,   5.0, mww
2020-04-15T07:11:04.854Z, -19.85450, 148.77000,  10.00, KILOMETER,   5.0, mb
2020-04-15T07:05:03.775Z, -15.20810, -173.38070,  21.81, KILOMETER,   5.3, mww
2020-04-15T02:01:05.957Z, 20.00790, 122.05260,  10.00, KILOMETER,   5.1, mww
2020-04-14T06:31:49.859Z, 7.17920, 143.28390,  10.00, KILOMETER,   5.2, mww
2020-04-14T02:46:26.348Z, 45.33190, 149.99060,  51.24, KILOMETER,   5.0, mww
2020-04-14T01:06:47.913Z, -30.38890, -176.34780,  31.00, KILOMETER,   6.0, mww
2020-04-13T01:42:52.499Z, 48.25160, 154.32120,  52.46, KILOMETER,   5.0, mww
2020-04-12T12:25:10.152Z, -4.21100, 151.93440,  10.00, KILOMETER,   5.1, mww
2020-04-12T11:33:16.614Z, -5.35650, 152.57400,  10.00, KILOMETER,   5.0, mww
2020-04-12T06:57:47.541Z, -36.95580, 77.39300,  10.00, KILOMETER,   6.1, mww
2020-04-12T00:46:19.649Z, -40.15710, 78.30710,  10.00, KILOMETER,   5.4, mww
2020-04-12T00:07:48.173Z, -40.32960, 78.36680,  10.00, KILOMETER,   5.3, mww
2020-04-11T22:33:45.704Z, -24.29930, -176.53480,  50.14, KILOMETER,   5.0, mb
2020-04-11T18:22:42.271Z, -19.41080, -173.04670,  34.33, KILOMETER,   5.2, mww
2020-04-11T03:19:19.948Z, 28.10070, 142.67000,  10.00, KILOMETER,   5.2, mww
2020-04-10T16:44:56.425Z, 20.46770, 122.10970, 160.00, KILOMETER,   5.9, mww
2020-04-10T04:40:18.982Z, 12.51200, 144.05560,  10.00, KILOMETER,   5.0, mb
2020-04-09T17:26:26.403Z, -5.34260, 68.66540,  10.00, KILOMETER,   5.3, mww
2020-04-09T16:07:53.239Z, -30.64480, -177.02750,  10.00, KILOMETER,   5.0, mb
2020-04-08T10:02:32.491Z, -15.71880, -177.54860, 422.00, KILOMETER,   5.5, mww
2020-04-08T05:55:50.579Z, 26.68750, 126.65350, 102.77, KILOMETER,   5.0, mb
2020-04-07T11:32:06.029Z, -15.26690, -173.26230,  10.00, KILOMETER,   5.2, mb
2020-04-07T11:29:08.661Z, -31.67400, 179.63810, 419.97, KILOMETER,   5.0, mb
2020-04-07T06:27:21.972Z, 49.14140, 157.81880,  45.31, KILOMETER,   5.1, mww
2020-04-06T19:20:27.360Z, 2.82540, 95.75300,  35.00, KILOMETER,   5.0, mb
2020-04-06T18:02:01.677Z, -21.54150, -175.55760,  42.19, KILOMETER,   5.0, mb
2020-04-06T01:12:53.022Z, -10.19820, 161.18110,  60.05, KILOMETER,   5.0, mb
2020-04-04T09:24:18.396Z, -19.40190, -173.25170,  10.00, KILOMETER,   5.1, mww
2020-04-04T06:18:24.535Z, 54.82770, 166.17830,  14.00, KILOMETER,   5.5, mww
2020-04-02T20:09:03.280Z, 20.66760, 144.76960, 110.97, KILOMETER,   5.2, mb
2020-04-01T12:23:27.116Z, 33.12650, 98.90890,  10.00, KILOMETER,   5.4, mww
2020-04-01T06:32:24.802Z, -54.36400, -136.28010,  10.00, KILOMETER,   5.3, mww
2020-03-30T17:54:40.558Z, -13.76240, 66.15110,  10.00, KILOMETER,   5.6, mww
2020-03-30T15:52:49.118Z, 23.98790, 123.44770,  33.06, KILOMETER,   5.3, mww
2020-03-29T18:19:14.153Z, -21.42330, 169.48500,  10.00, KILOMETER,   5.7, mww
2020-03-29T13:33:47.704Z, -23.90690, -174.51710,  10.00, KILOMETER,   5.1, mb
2020-03-28T17:48:16.243Z, -17.81560, 168.33880,  84.00, KILOMETER,   5.8, mww
2020-03-28T05:32:52.745Z, -1.31300, 150.17140,  10.00, KILOMETER,   5.0, mb
2020-03-27T06:40:42.525Z, 28.24430, 57.12010,  10.00, KILOMETER,   5.3, mww
2020-03-26T05:52:48.762Z, 22.68570, 143.23520, 112.04, KILOMETER,   5.4, mww
2020-03-25T19:56:07.367Z, 55.89350, 160.24840, 186.74, KILOMETER,   5.0, mb
2020-03-25T17:21:45.997Z, 49.23110, 158.13150,  36.43, KILOMETER,   5.1, mb
2020-03-25T02:49:21.160Z, 48.96380, 157.69550,  57.80, KILOMETER,   7.5, mww
2020-03-24T07:38:37.882Z, -23.54870, -174.74150,  10.00, KILOMETER,   5.0, mb
2020-03-23T20:33:39.220Z, -25.28100, 179.72070, 506.13, KILOMETER,   5.5, mww
2020-03-23T20:33:11.103Z, -25.31640, 179.68720, 500.82, KILOMETER,   5.4, mb
2020-03-23T12:25:55.883Z, 52.09130, -177.61850, 101.16, KILOMETER,   5.0, mww
2020-03-23T01:30:40.171Z, 22.87120, 144.05670,  10.00, KILOMETER,   5.0, mb
2020-03-22T22:34:14.473Z, -16.79900, -175.44580, 313.55, KILOMETER,   5.0, mb
2020-03-22T19:21:41.455Z, 41.71610, 81.15390,  10.00, KILOMETER,   5.1, mb
2020-03-21T11:40:23.466Z, 11.25470, 138.72640,  10.00, KILOMETER,   5.1, mb
2020-03-21T06:42:34.748Z, -12.33390, 44.88430,  10.00, KILOMETER,   5.0, mb
2020-03-20T09:54:18.030Z, -48.41460, 31.42000,  10.00, KILOMETER,   5.1, mww
2020-03-20T03:03:13.676Z, 46.04790, 93.99730,  10.00, KILOMETER,   5.5, mww
2020-03-20T01:36:10.804Z, -34.21050, -179.04720,  10.00, KILOMETER,   5.0, mww
2020-03-20T01:33:15.443Z, 28.58960, 87.30810,  10.00, KILOMETER,   5.7, mww
2020-03-19T17:53:33.384Z, 38.39150, 39.07290,  10.00, KILOMETER,   5.2, mww
2020-03-19T13:52:55.249Z, 20.70350, 143.53620,  10.00, KILOMETER,   5.5, mww
2020-03-18T16:56:24.148Z, -36.59010, 178.96240,  47.07, KILOMETER,   5.1, mb
2020-03-18T15:31:33.195Z, 66.28770, -157.25130,   8.60, KILOMETER,   5.0, ml
2020-03-18T05:31:33.938Z, -11.05170, 164.45880,  10.00, KILOMETER,   5.5, mww
2020-03-18T03:13:45.742Z, -13.13640, 167.02770, 176.00, KILOMETER,   6.1, mww
2020-03-17T16:06:22.370Z, -16.02520, -172.19110,  10.00, KILOMETER,   6.0, mww
2020-03-17T15:10:32.414Z, 42.31910, 138.35240, 230.25, KILOMETER,   5.0, mb
2020-03-16T15:09:16.292Z, -6.21770, 151.43970,  10.00, KILOMETER,   5.0, mb
2020-03-15T23:33:16.105Z, -12.27890, 166.56210,  87.98, KILOMETER,   5.2, mww
2020-03-15T22:04:25.371Z, 27.40470, 55.35370,  10.00, KILOMETER,   5.4, mww
2020-03-14T20:27:48.098Z, -22.55280, 173.38140,  10.00, KILOMETER,   5.1, mb
2020-03-14T10:05:15.903Z, -36.54500, 178.81620,  48.06, KILOMETER,   5.8, mww
2020-03-14T10:01:17.118Z, -27.36700, -175.61020,  11.00, KILOMETER,   6.4, mww
2020-03-12T17:18:46.197Z, 37.27450, 136.87800,  10.00, KILOMETER,   5.3, mww
2020-03-12T15:44:02.770Z, 32.71520, 85.33230,  10.00, KILOMETER,   5.4, mww
2020-03-12T12:50:27.596Z, -19.10460, -172.87120,  10.00, KILOMETER,   5.5, mww
2020-03-11T19:54:08.521Z, -19.33430, -172.94190,  10.00, KILOMETER,   5.2, mww
2020-03-11T15:16:55.980Z, -6.95470, 155.45510,  28.39, KILOMETER,   5.3, mww
2020-03-11T01:01:48.364Z, -32.39310, -178.07720,  10.00, KILOMETER,   5.2, mww
2020-03-10T23:08:34.923Z, 3.86590, 97.25420, 110.48, KILOMETER,   5.0, mb
2020-03-09T18:12:09.419Z, 32.80060, 85.54560,  10.00, KILOMETER,   5.2, mww
2020-03-09T09:45:48.068Z, 11.00670, 138.61730,  48.16, KILOMETER,   5.3, mb
2020-03-07T05:43:45.580Z, -17.89210, 167.85000,  10.00, KILOMETER,   5.5, mww
2020-03-06T10:28:42.029Z, -31.36800, 58.32420,  10.00, KILOMETER,   6.0, mww
2020-03-05T13:11:45.794Z, -29.72660, -176.21110,  10.00, KILOMETER,   5.4, mww
2020-03-04T09:11:34.685Z, -29.81950, -176.12280,  10.00, KILOMETER,   5.0, mb
2020-03-03T15:53:52.561Z, -18.02090, 167.62510,  10.00, KILOMETER,   5.0, mb
2020-03-03T08:41:58.847Z, 51.03590, -179.79500,  10.00, KILOMETER,   5.0, mww
2020-03-03T01:06:38.285Z, -54.61990, 144.16880,  10.00, KILOMETER,   5.0, mb
2020-03-02T00:31:15.355Z, 51.10690, -179.85000,  19.72, KILOMETER,   5.7, mww
2020-02-29T01:57:09.831Z, -19.43850, -172.99090,  10.00, KILOMETER,   5.1, mww
2020-02-28T07:41:50.508Z, -18.90080, -172.90390,  10.00, KILOMETER,   5.7, mww
2020-02-27T04:13:34.846Z, -45.14660, 95.47890,  10.00, KILOMETER,   5.0, mb
2020-02-26T15:04:08.953Z, 32.97520, 76.24740,  10.00, KILOMETER,   5.0, mb
2020-02-26T00:23:32.809Z, 15.87080, 119.22310,  10.00, KILOMETER,   5.0, mb
2020-02-25T23:03:37.816Z, 38.34890, 38.79720,  10.00, KILOMETER,   5.0, mww
2020-02-25T11:14:03.929Z, 24.37430, 121.45220,  10.00, KILOMETER,   5.0, mww
2020-02-23T16:00:31.626Z, 38.49580, 44.37320,  10.00, KILOMETER,   6.0, mww
2020-02-23T13:25:40.621Z, 28.51280, 142.78500,  10.00, KILOMETER,   5.1, mww
2020-02-23T05:53:01.055Z, 38.44650, 44.41680,  10.00, KILOMETER,   5.8, mww
2020-02-22T19:46:11.305Z, -21.82480, -174.65740,  10.00, KILOMETER,   5.6, mww
2020-02-22T18:50:18.266Z, -21.77840, -174.88850,  17.54, KILOMETER,   5.3, mww
2020-02-22T03:19:28.366Z, 13.41750, 146.42440,  10.00, KILOMETER,   5.0, mb
2020-02-22T02:32:44.600Z, -11.91190, 165.51830,  10.00, KILOMETER,   5.0, mb
2020-02-21T10:20:14.460Z, 50.83470, -179.26660,  10.00, KILOMETER,   5.3, mww
2020-02-20T18:57:36.124Z, 53.70010, 160.67570,  32.00, KILOMETER,   5.8, mww
2020-02-20T18:01:35.341Z, 34.51820, 85.69610,  10.00, KILOMETER,   5.1, mb
2020-02-20T06:35:31.625Z, -34.28500, -178.95990,  10.00, KILOMETER,   5.2, mww
2020-02-17T12:54:53.982Z, 28.60160, 142.65830,  10.00, KILOMETER,   5.3, mww
2020-02-17T00:28:18.140Z, -33.10500, 179.87410, 178.25, KILOMETER,   5.4, mww
2020-02-16T12:30:47.136Z, 27.12860, 55.76590,   8.52, KILOMETER,   5.1, mww
2020-02-16T11:18:12.767Z, 28.63820, 142.66770,  10.00, KILOMETER,   5.0, mb
2020-02-16T07:35:37.833Z, 49.40910, 155.51760,  49.57, KILOMETER,   5.2, mww
2020-02-15T11:00:05.736Z, 23.83800, 121.61660,  10.00, KILOMETER,   5.3, mww
2020-02-15T09:39:15.121Z, -15.69350, 179.96620,  10.00, KILOMETER,   5.7, mww
2020-02-15T03:31:56.345Z, 41.81510, 79.27610,  10.00, KILOMETER,   5.1, mb
2020-02-14T05:59:00.044Z, -56.65520, -142.28570,  10.00, KILOMETER,   5.6, mww
2020-02-13T15:26:25.805Z, 51.24220, -174.98490,  24.39, KILOMETER,   5.0, mb
2020-02-13T14:07:39.734Z, 51.63790, 177.31280,  44.27, KILOMETER,   5.0, mb
2020-02-13T10:33:44.406Z, 45.61610, 148.95900, 143.00, KILOMETER,   7.0, mww
2020-02-13T10:16:08.139Z, -5.52650, 153.13090,  10.00, KILOMETER,   5.3, mww
2020-02-13T06:50:44.793Z, -19.20200, 169.01550, 110.07, KILOMETER,   5.1, mb
2020-02-12T14:57:51.581Z, -17.78120, -178.56330, 552.01, KILOMETER,   5.1, mb
2020-02-12T10:37:18.660Z, 37.32160, 141.38070,  77.87, KILOMETER,   5.2, mww
2020-02-12T08:59:34.334Z, -24.56130, -177.42500, 102.30, KILOMETER,   5.0, mb
2020-02-11T15:15:46.737Z, -5.96640, 150.22920,  49.21, KILOMETER,   5.3, mww
2020-02-11T13:07:28.630Z, -52.34490, 17.06870,  10.00, KILOMETER,   5.0, mb
2020-02-11T11:07:03.641Z, -25.16740, 179.94220, 493.93, KILOMETER,   5.4, mww
2020-02-11T10:37:02.338Z, 15.78000, 147.88010,  10.00, KILOMETER,   5.4, mww
2020-02-11T10:21:46.079Z, -22.50510, -174.73080,  10.00, KILOMETER,   5.2, mww
2020-02-09T09:42:24.634Z, -4.58400, 149.51640, 551.51, KILOMETER,   5.5, mww
2020-02-09T07:05:40.709Z, -52.81400, 27.53910,  10.00, KILOMETER,   5.1, mb
2020-02-09T06:04:29.967Z, -5.49250, 152.15220,  34.00, KILOMETER,   6.1, mww
2020-02-08T12:47:01.887Z, 26.33860, 90.78470,  10.00, KILOMETER,   5.0, mb
2020-02-06T11:19:56.405Z, 36.28220, 141.80240,  10.00, KILOMETER,   5.3, mww
2020-02-06T10:20:29.901Z, -32.17430, -178.95880,  10.00, KILOMETER,   5.1, mb
2020-02-05T12:17:05.396Z, -54.59700, 158.73660,  10.00, KILOMETER,   5.8, mww
2020-02-05T03:13:25.454Z, -25.27550, -176.54910,  35.00, KILOMETER,   5.1, mb
2020-02-04T15:47:12.160Z, -9.02990, 157.90450,  10.00, KILOMETER,   5.1, mb
2020-02-04T13:19:23.399Z, -29.71920, -177.48130,  30.82, KILOMETER,   5.1, mb
2020-02-04T09:47:22.854Z, -37.70800, 176.60530, 289.09, KILOMETER,   5.1, mb
2020-02-01T04:43:50.416Z, -19.31570, -174.55020,  37.12, KILOMETER,   5.0, mb
2020-01-31T17:07:46.302Z, 35.88400, 140.06390,  64.00, KILOMETER,   5.3, mww
2020-01-31T16:11:21.024Z, 35.65130, 140.72810,  35.43, KILOMETER,   5.2, mww
2020-01-31T13:53:31.671Z, -25.36560, 178.40030, 574.81, KILOMETER,   5.7, mww
2020-01-31T12:29:00.891Z, -8.34900, 156.50950,  10.00, KILOMETER,   5.1, mb
2020-01-31T12:27:01.526Z, -8.26910, 156.53340,  10.00, KILOMETER,   5.4, mww
2020-01-31T11:08:09.509Z, -22.73290, -174.52660,  10.00, KILOMETER,   5.0, mb
2020-01-31T09:34:35.915Z, 47.71910, 154.22860,   9.29, KILOMETER,   5.0, mb
2020-01-30T17:58:07.984Z, -9.97630, 160.95750,  10.00, KILOMETER,   5.0, mb
2020-01-29T15:10:53.203Z, 10.31050, 93.78270,  10.00, KILOMETER,   5.0, mb
2020-01-29T13:49:49.744Z, -10.41800, 161.27560,  85.00, KILOMETER,   6.0, mww
2020-01-29T07:26:49.937Z, -5.05590, 152.01100,  67.13, KILOMETER,   5.0, mb
2020-01-28T23:39:29.598Z, 27.18470, 126.77340,  10.00, KILOMETER,   5.3, mb
2020-01-28T20:29:36.992Z, 7.31150, 92.09050,  10.00, KILOMETER,   5.1, mb
2020-01-28T19:28:47.921Z, -23.28310, -179.53030, 490.68, KILOMETER,   5.0, mb
2020-01-28T16:41:38.636Z, 50.89960, -179.83370,  10.00, KILOMETER,   5.4, mww
2020-01-28T15:24:34.670Z, 29.58760, 52.13060,  10.00, KILOMETER,   5.0, mb
2020-01-28T01:36:03.649Z, 43.52740, 145.91100,  91.00, KILOMETER,   5.4, mww
2020-01-27T19:13:23.192Z, -6.20360, 152.49670,   6.35, KILOMETER,   5.0, mww
2020-01-27T15:51:45.266Z, 51.04420, -179.80810,  10.00, KILOMETER,   5.1, mww
2020-01-27T14:24:45.611Z, 80.79830, 121.33940,  10.00, KILOMETER,   5.2, mww
2020-01-27T13:28:27.840Z, 29.58990, 52.04670,  10.00, KILOMETER,   5.3, mww
2020-01-27T05:02:01.704Z, -10.09290, 161.06060,  21.00, KILOMETER,   6.3, mww
2020-01-26T22:33:39.375Z, 51.08650, -179.94640,  35.00, KILOMETER,   5.7, mww
2020-01-26T17:46:44.782Z, -32.19140, 57.04860,  10.00, KILOMETER,   5.1, mb
2020-01-26T09:43:35.052Z, -35.60330, -179.66160,  10.00, KILOMETER,   5.1, mb
2020-01-26T09:14:04.909Z, 51.24340, -179.90110,  39.87, KILOMETER,   5.4, mb
2020-01-26T09:12:08.003Z, 51.16640, -179.74620,  24.72, KILOMETER,   5.8, mww
2020-01-26T07:24:06.947Z, 51.14640, -179.86740,  30.63, KILOMETER,   5.3, mww
2020-01-26T06:40:50.941Z, 51.11750, -179.90720,  23.10, KILOMETER,   5.2, mww
2020-01-26T06:31:55.398Z, 51.13380, -179.88920,  17.00, KILOMETER,   6.1, mww
2020-01-26T03:57:18.877Z, 51.04720, -179.92620,  15.14, KILOMETER,   5.6, mww
2020-01-25T21:20:07.837Z, -35.51600, -179.64430,  15.27, KILOMETER,   5.1, mww
2020-01-25T19:24:52.714Z, -35.47810, -179.70670,  17.28, KILOMETER,   5.3, mww
2020-01-25T19:19:30.009Z, -30.41090, -177.69710,  19.54, KILOMETER,   5.2, mww
2020-01-25T16:30:11.109Z, 38.36150, 39.10960,  10.00, KILOMETER,   5.1, mww
2020-01-25T10:45:11.390Z, -40.63410, 174.55740,  86.27, KILOMETER,   5.1, mww
2020-01-24T22:56:05.315Z, 31.99500, 95.05750,  10.00, KILOMETER,   5.2, mww
2020-01-24T17:55:14.147Z, 38.43120, 39.06090,  10.00, KILOMETER,   6.7, mww
2020-01-24T07:14:24.423Z, 39.19640, 71.66650,  10.00, KILOMETER,   5.0, mb
2020-01-24T07:09:15.777Z, 39.16510, 71.50820,  10.00, KILOMETER,   5.5, mww
2020-01-23T05:53:02.618Z, 51.98360, -177.85500,  10.00, KILOMETER,   6.2, mww
2020-01-23T03:51:01.803Z, 21.07150, 144.84660, 125.82, KILOMETER,   5.0, mww
2020-01-22T19:23:13.391Z, 28.03710, 56.76610,  10.00, KILOMETER,   5.0, mww
2020-01-22T11:04:12.468Z, 54.87540, 161.42320,  51.91, KILOMETER,   5.5, mww
2020-01-22T10:09:19.954Z, -15.23030, 166.67300,  10.00, KILOMETER,   5.0, mb
2020-01-22T00:57:20.909Z, -16.55180, 177.95190,  10.00, KILOMETER,   5.5, mww
2020-01-21T21:31:32.434Z, -29.21260, -176.14180,  10.00, KILOMETER,   5.0, mb
2020-01-20T02:25:43.930Z, 13.78180, 144.61940, 156.70, KILOMETER,   5.1, mww
2020-01-19T14:23:02.111Z, 39.84960, 77.42750,  10.00, KILOMETER,   5.0, mww
2020-01-19T13:27:56.630Z, 39.83530, 77.10840,   5.55, KILOMETER,   6.0, mww
2020-01-18T02:25:15.920Z, -29.08590, -176.29140,  10.00, KILOMETER,   5.1, mww
2020-01-18T02:07:41.288Z, -29.09240, -176.29940,  10.00, KILOMETER,   5.0, mww
2020-01-17T16:05:48.854Z, 39.72760, 77.14560,  10.00, KILOMETER,   5.3, mww
2020-01-16T22:09:45.752Z, -9.67840, 151.04940,  10.00, KILOMETER,   5.0, mb
2020-01-16T16:31:10.257Z, 52.07070, 159.77740,  25.53, KILOMETER,   5.4, mww
2020-01-16T08:32:38.339Z, 41.24860, 83.70690,  10.00, KILOMETER,   5.2, mww
2020-01-15T11:31:34.840Z, 42.94680, 145.23560,  77.95, KILOMETER,   5.0, mb
2020-01-15T00:14:18.296Z, -23.68450, -179.97700, 505.76, KILOMETER,   5.0, mb
2020-01-13T19:53:48.042Z, 36.08210, 139.91620,  40.94, KILOMETER,   5.0, mb
2020-01-13T03:07:01.797Z, 53.38030, -169.52210, 104.13, KILOMETER,   5.0, mww
2020-01-12T19:06:25.583Z, -7.02900, 155.37380,  10.00, KILOMETER,   5.0, mb
2020-01-12T16:48:05.533Z, -7.35820, 155.80970,  35.00, KILOMETER,   5.0, mww
2020-01-12T05:23:56.526Z, 35.01490, 74.47400,  10.00, KILOMETER,   5.1, mb
2020-01-11T09:03:19.300Z, -16.62250, 167.68110,  10.00, KILOMETER,   5.1, mb
2020-01-11T09:00:45.693Z, -29.54100, 61.20090,  10.00, KILOMETER,   5.1, mb
2020-01-10T22:54:26.428Z, -29.84010, -178.82870,  10.00, KILOMETER,   5.4, mb
2020-01-10T20:59:43.760Z, -53.16400, 23.20470,  10.00, KILOMETER,   5.4, mww
2020-01-10T20:06:41.253Z, -16.59750, 167.47380,  15.52, KILOMETER,   5.4, mww
2020-01-10T16:32:30.618Z, -15.33590, 167.52160, 119.76, KILOMETER,   5.0, mb
2020-01-10T01:05:37.765Z, -21.43250, -175.23780,  10.00, KILOMETER,   5.4, mww
2020-01-09T08:38:08.278Z, 62.35800, 171.06110,  10.00, KILOMETER,   6.4, mww
2020-01-09T00:55:43.601Z, -29.43870, 61.25900,  10.00, KILOMETER,   5.1, mww
2020-01-08T07:29:41.457Z, -55.02030, -128.43110,  10.00, KILOMETER,   5.5, mww
2020-01-07T19:11:35.665Z, -5.20460, 151.26590, 117.00, KILOMETER,   6.0, mww
2020-01-07T06:05:19.759Z, 2.34810, 96.35750,  17.00, KILOMETER,   6.3, mww
2020-01-05T02:10:22.236Z, 22.83890, 143.09500, 109.87, KILOMETER,   5.2, mww
2020-01-04T22:36:58.211Z, -28.73610, -176.85450,  10.00, KILOMETER,   5.0, mb
2020-01-04T07:18:18.092Z, -36.85510, 176.95120, 317.77, KILOMETER,   5.1, mww
2020-01-02T18:23:53.135Z, 35.80980, 141.24900,  31.00, KILOMETER,   5.7, mww
2020-01-02T16:00:31.895Z, -12.84920, 45.55720,  10.00, KILOMETER,   5.0, mww
2020-01-02T13:41:28.449Z, -9.67780, 159.92140,  10.00, KILOMETER,   5.2, mww
2020-01-02T04:29:06.582Z, 34.13260, 60.26810,  10.00, KILOMETER,   5.5, mww
2020-01-01T23:12:54.126Z, -18.81870, -172.09910,  10.00, KILOMETER,   5.0, mb
2020-01-01T20:01:27.231Z, -33.21200, -178.22970,  10.00, KILOMETER,   5.0, mb
2020-01-01T19:28:50.580Z, -32.96220, -178.33390,  10.00, KILOMETER,   5.4, mww
2020-01-01T18:10:11.727Z, 53.25220, 170.35480,  10.00, KILOMETER,   5.1, mww
2020-01-01T08:31:24.136Z, -17.42800, -172.50440,  10.00, KILOMETER,   5.4, mww
2020-01-01T03:53:29.023Z, 52.63670, 159.16140,  58.46, KILOMETER,   5.0, mb
2020-01-01T00:28:20.289Z, -5.32450, 152.55140,  40.24, KILOMETER,   5.1, mb
